{"cameraMode":{"drawMode":0,"name":"Shaded","section":"Shading Mode"},"sceneLighting":true,"audioPlay":false,"sceneViewState":{"m_AlwaysRefresh":false,"showFog":true,"showSkybox":true,"showFlares":true,"showImageEffects":true,"showParticleSystems":true,"showVisualEffectGraphs":true,"m_FxEnabled":true},"in2DMode":false,"pivot":{"x":104.93016052246094,"y":236.67422485351563,"z":24.48675537109375},"rotation":{"x":-0.0015188108664005995,"y":-0.9753747582435608,"z":0.22047927975654603,"w":-0.006723378319293261},"size":13.093870162963868,"orthographic":false}