{"cameraMode":{"drawMode":0,"name":"Shaded","section":"Shading Mode"},"sceneLighting":true,"audioPlay":false,"sceneViewState":{"m_AlwaysRefresh":false,"showFog":true,"showSkybox":true,"showFlares":true,"showImageEffects":true,"showParticleSystems":true,"showVisualEffectGraphs":true,"m_FxEnabled":true},"in2DMode":false,"pivot":{"x":5.185537815093994,"y":18.565170288085939,"z":50.27617263793945},"rotation":{"x":0.6992096900939941,"y":0.004511717706918716,"z":-0.0044115385971963409,"w":0.7148910760879517},"size":0.023019572719931604,"orthographic":false}